{
  "GET All Activities" : {
    "transaction" : "GET All Activities",
    "sampleCount" : 1,
    "errorCount" : 0,
    "errorPct" : 0.0,
    "meanResTime" : 1870.0,
    "medianResTime" : 1870.0,
    "minResTime" : 1870.0,
    "maxResTime" : 1870.0,
    "pct1ResTime" : 1870.0,
    "pct2ResTime" : 1870.0,
    "pct3ResTime" : 1870.0,
    "throughput" : 0.5347593582887701,
    "receivedKBytesPerSec" : 1.6236004344919786,
    "sentKBytesPerSec" : 0.09922292780748662
  },
  "Total" : {
    "transaction" : "Total",
    "sampleCount" : 1,
    "errorCount" : 0,
    "errorPct" : 0.0,
    "meanResTime" : 1870.0,
    "medianResTime" : 1870.0,
    "minResTime" : 1870.0,
    "maxResTime" : 1870.0,
    "pct1ResTime" : 1870.0,
    "pct2ResTime" : 1870.0,
    "pct3ResTime" : 1870.0,
    "throughput" : 0.5347593582887701,
    "receivedKBytesPerSec" : 1.6236004344919786,
    "sentKBytesPerSec" : 0.09922292780748662
  }
}